{
    "total_runtime": 229.77023220062256,
    "num_documents": 1,
    "input_load_time": 0,
    "workflows": {
        "create_base_text_units": {
            "overall": 0.3513448238372803,
            "0_orderby": 0.007809162139892578,
            "1_zip": 0.004732370376586914,
            "2_aggregate_override": 0.008945941925048828,
            "3_chunk": 0.28772497177124023,
            "4_select": 0.004342079162597656,
            "5_unroll": 0.00815582275390625,
            "6_rename": 0.0032579898834228516,
            "7_genid": 0.00533294677734375,
            "8_unzip": 0.003543853759765625,
            "9_copy": 0.0031080245971679688,
            "10_filter": 0.012546062469482422
        },
        "create_base_extracted_entities": {
            "overall": 149.771249294281,
            "0_entity_extract": 149.72937631607056,
            "1_snapshot": 0.010013818740844727,
            "2_merge_graphs": 0.022207975387573242,
            "3_snapshot_rows": 0.005789995193481445
        },
        "create_summarized_entities": {
            "overall": 7.523395776748657,
            "0_summarize_descriptions": 7.510350942611694,
            "1_snapshot_rows": 0.008207082748413086
        },
        "create_base_entity_graph": {
            "overall": 0.07877612113952637,
            "0_cluster_graph": 0.024367094039916992,
            "1_snapshot_rows": 0.006112098693847656,
            "2_embed_graph": 0.028186321258544922,
            "3_snapshot_rows": 0.008023262023925781,
            "4_select": 0.006654024124145508
        },
        "create_final_entities": {
            "overall": 1.138092041015625,
            "0_unpack_graph": 0.009481430053710938,
            "1_rename": 0.006917238235473633,
            "2_select": 0.007542848587036133,
            "3_dedupe": 0.008400917053222656,
            "4_rename": 0.007604837417602539,
            "5_filter": 0.018784046173095703,
            "6_text_split": 0.008337259292602539,
            "7_drop": 0.008569002151489258,
            "8_merge": 0.014657020568847656,
            "9_text_embed": 1.0117056369781494,
            "10_drop": 0.008744001388549805,
            "11_filter": 0.02055501937866211
        },
        "create_final_nodes": {
            "overall": 4.401883363723755,
            "0_layout_graph": 4.226035833358765,
            "1_unpack_graph": 0.012639999389648438,
            "2_unpack_graph": 0.012523889541625977,
            "3_filter": 0.02394700050354004,
            "4_drop": 0.010519027709960938,
            "5_select": 0.010098934173583984,
            "6_snapshot": 0.01120615005493164,
            "7_rename": 0.01129913330078125,
            "8_convert": 0.04450201988220215,
            "9_join": 0.019078969955444336,
            "10_rename": 0.010885000228881836
        },
        "create_final_communities": {
            "overall": 0.2582662105560303,
            "0_unpack_graph": 0.01397705078125,
            "1_unpack_graph": 0.013892173767089844,
            "2_aggregate_override": 0.01618671417236328,
            "3_join": 0.015739917755126953,
            "4_join": 0.015890836715698242,
            "5_concat": 0.012259960174560547,
            "6_filter": 0.02837204933166504,
            "7_aggregate_override": 0.015585899353027344,
            "8_join": 0.01651287078857422,
            "9_filter": 0.04324507713317871,
            "10_fill": 0.01332402229309082,
            "11_merge": 0.014378070831298828,
            "12_copy": 0.013648271560668945,
            "13_select": 0.01405787467956543
        },
        "join_text_units_to_entity_ids": {
            "overall": 0.0664980411529541,
            "0_select": 0.016631126403808594,
            "1_unroll": 0.018800020217895508,
            "2_aggregate_override": 0.016815185546875
        },
        "create_final_relationships": {
            "overall": 0.20028209686279297,
            "0_unpack_graph": 0.017064332962036133,
            "1_filter": 0.03299999237060547,
            "2_rename": 0.015449762344360352,
            "3_filter": 0.033583879470825195,
            "4_drop": 0.01596999168395996,
            "5_compute_edge_combined_degree": 0.01835799217224121,
            "6_convert": 0.0335688591003418,
            "7_convert": 0.018536806106567383
        },
        "join_text_units_to_relationship_ids": {
            "overall": 0.09222292900085449,
            "0_select": 0.01723790168762207,
            "1_unroll": 0.017755985260009766,
            "2_aggregate_override": 0.01844501495361328,
            "3_select": 0.022764205932617188
        },
        "create_final_community_reports": {
            "overall": 61.94600486755371,
            "0_prepare_community_reports_nodes": 0.01883697509765625,
            "1_prepare_community_reports_edges": 0.018677949905395508,
            "2_restore_community_hierarchy": 0.01989889144897461,
            "3_prepare_community_reports": 0.034626007080078125,
            "4_create_community_reports": 61.80853486061096,
            "5_window": 0.027910232543945312
        },
        "create_final_text_units": {
            "overall": 0.14829802513122559,
            "0_select": 0.01992511749267578,
            "1_rename": 0.019166231155395508,
            "2_join": 0.025502920150756836,
            "3_join": 0.02298903465270996,
            "4_aggregate_override": 0.02193903923034668,
            "5_select": 0.019987821578979492
        },
        "create_base_documents": {
            "overall": 0.22811007499694824,
            "0_unroll": 0.025582075119018555,
            "1_select": 0.020946979522705078,
            "2_rename": 0.02149677276611328,
            "3_join": 0.024187803268432617,
            "4_aggregate_override": 0.02221512794494629,
            "5_join": 0.025848865509033203,
            "6_rename": 0.021475791931152344,
            "7_convert": 0.046668052673339844
        },
        "create_final_documents": {
            "overall": 0.043848276138305664,
            "0_rename": 0.022289037704467773
        }
    }
}