{
    "total_runtime": 394.37512707710266,
    "num_documents": 1,
    "input_load_time": 0,
    "workflows": {
        "create_base_text_units": {
            "overall": 0.32472705841064453,
            "0_orderby": 0.0074999332427978516,
            "1_zip": 0.00315093994140625,
            "2_aggregate_override": 0.006025075912475586,
            "3_chunk": 0.2506699562072754,
            "4_select": 0.008823871612548828,
            "5_unroll": 0.0092010498046875,
            "6_rename": 0.003742218017578125,
            "7_genid": 0.0069141387939453125,
            "8_unzip": 0.004221916198730469,
            "9_copy": 0.0039310455322265625,
            "10_filter": 0.015031099319458008
        },
        "create_base_extracted_entities": {
            "overall": 109.5721869468689,
            "0_entity_extract": 109.53864216804504,
            "1_merge_graphs": 0.028983116149902344
        },
        "create_summarized_entities": {
            "overall": 27.47150230407715,
            "0_summarize_descriptions": 27.467170000076294
        },
        "create_base_entity_graph": {
            "overall": 0.0657801628112793,
            "0_cluster_graph": 0.055982112884521484,
            "1_select": 0.00516510009765625
        },
        "create_final_entities": {
            "overall": 2.918769121170044,
            "0_unpack_graph": 0.021836042404174805,
            "1_rename": 0.0057451725006103516,
            "2_select": 0.005914211273193359,
            "3_dedupe": 0.014261960983276367,
            "4_rename": 0.006320953369140625,
            "5_filter": 0.014972925186157227,
            "6_text_split": 0.008150100708007812,
            "7_drop": 0.007073163986206055,
            "8_merge": 0.019428014755249023,
            "9_text_embed": 2.784595012664795,
            "10_drop": 0.0076808929443359375,
            "11_filter": 0.01753091812133789
        },
        "create_final_nodes": {
            "overall": 0.23936796188354492,
            "0_layout_graph": 0.0700078010559082,
            "1_unpack_graph": 0.0270998477935791,
            "2_unpack_graph": 0.02669501304626465,
            "3_drop": 0.008486270904541016,
            "4_filter": 0.021391868591308594,
            "5_select": 0.008933305740356445,
            "6_rename": 0.009128808975219727,
            "7_join": 0.015221118927001953,
            "8_convert": 0.03488731384277344,
            "9_rename": 0.009730100631713867
        },
        "create_final_communities": {
            "overall": 0.27245593070983887,
            "0_unpack_graph": 0.026253223419189453,
            "1_unpack_graph": 0.02632880210876465,
            "2_aggregate_override": 0.014944076538085938,
            "3_join": 0.015239953994750977,
            "4_join": 0.015343189239501953,
            "5_concat": 0.011298179626464844,
            "6_filter": 0.04660320281982422,
            "7_aggregate_override": 0.014672994613647461,
            "8_join": 0.014493942260742188,
            "9_filter": 0.025757312774658203,
            "10_fill": 0.011942863464355469,
            "11_merge": 0.01518106460571289,
            "12_copy": 0.012126922607421875,
            "13_select": 0.012385845184326172
        },
        "join_text_units_to_entity_ids": {
            "overall": 0.05425405502319336,
            "0_select": 0.012925863265991211,
            "1_unroll": 0.013911008834838867,
            "2_aggregate_override": 0.014853239059448242
        },
        "create_final_relationships": {
            "overall": 0.19629526138305664,
            "0_unpack_graph": 0.03012394905090332,
            "1_filter": 0.031510114669799805,
            "2_rename": 0.013939857482910156,
            "3_filter": 0.03195309638977051,
            "4_drop": 0.014380216598510742,
            "5_compute_edge_combined_degree": 0.016604900360107422,
            "6_convert": 0.029640913009643555,
            "7_convert": 0.014826059341430664
        },
        "join_text_units_to_relationship_ids": {
            "overall": 0.07983732223510742,
            "0_select": 0.015387773513793945,
            "1_unroll": 0.01631617546081543,
            "2_aggregate_override": 0.017355918884277344,
            "3_select": 0.01570582389831543
        },
        "create_final_community_reports": {
            "overall": 248.7581708431244,
            "0_prepare_community_reports_nodes": 0.019585847854614258,
            "1_prepare_community_reports_edges": 0.018199920654296875,
            "2_restore_community_hierarchy": 0.01961374282836914,
            "3_prepare_community_reports": 0.13605690002441406,
            "4_create_community_reports": 248.50246381759644,
            "5_window": 0.0426182746887207
        },
        "create_final_text_units": {
            "overall": 0.1495828628540039,
            "0_select": 0.018946170806884766,
            "1_rename": 0.022394180297851562,
            "2_join": 0.027784109115600586,
            "3_join": 0.02174520492553711,
            "4_aggregate_override": 0.022500991821289062,
            "5_select": 0.018627643585205078
        },
        "create_base_documents": {
            "overall": 0.21571993827819824,
            "0_unroll": 0.019999027252197266,
            "1_select": 0.019682884216308594,
            "2_rename": 0.019294261932373047,
            "3_join": 0.024293899536132812,
            "4_aggregate_override": 0.02066206932067871,
            "5_join": 0.023913860321044922,
            "6_rename": 0.02014899253845215,
            "7_convert": 0.048753976821899414
        },
        "create_final_documents": {
            "overall": 0.041726112365722656,
            "0_rename": 0.021481037139892578
        }
    }
}