{
    "total_runtime": 315.2920229434967,
    "num_documents": 1,
    "input_load_time": 0,
    "workflows": {
        "create_base_text_units": {
            "overall": 0.2763028144836426,
            "0_orderby": 0.006710052490234375,
            "1_zip": 0.002834796905517578,
            "2_aggregate_override": 0.008332014083862305,
            "3_chunk": 0.21784615516662598,
            "4_select": 0.0046613216400146484,
            "5_unroll": 0.005543231964111328,
            "6_rename": 0.002980947494506836,
            "7_genid": 0.005838155746459961,
            "8_unzip": 0.0037331581115722656,
            "9_copy": 0.003123044967651367,
            "10_filter": 0.012270927429199219
        },
        "create_base_extracted_entities": {
            "overall": 82.94423389434814,
            "0_entity_extract": 82.87458801269531,
            "1_snapshot": 0.011271238327026367,
            "2_merge_graphs": 0.048210859298706055,
            "3_snapshot_rows": 0.006283998489379883
        },
        "create_summarized_entities": {
            "overall": 22.386842012405396,
            "0_summarize_descriptions": 22.374290943145752,
            "1_snapshot_rows": 0.007719993591308594
        },
        "create_base_entity_graph": {
            "overall": 0.7292048931121826,
            "0_cluster_graph": 0.054032087326049805,
            "1_snapshot_rows": 0.006700038909912109,
            "2_embed_graph": 0.6493980884552002,
            "3_snapshot_rows": 0.007110118865966797,
            "4_select": 0.006368875503540039
        },
        "create_final_entities": {
            "overall": 1.7058489322662354,
            "0_unpack_graph": 0.02162313461303711,
            "1_rename": 0.00693202018737793,
            "2_select": 0.007254123687744141,
            "3_dedupe": 0.009160995483398438,
            "4_rename": 0.0074002742767333984,
            "5_filter": 0.01789093017578125,
            "6_text_split": 0.009424924850463867,
            "7_drop": 0.008282184600830078,
            "8_merge": 0.02616095542907715,
            "9_text_embed": 1.5534460544586182,
            "10_drop": 0.009994029998779297,
            "11_filter": 0.021767854690551758
        },
        "create_final_nodes": {
            "overall": 5.924178838729858,
            "0_layout_graph": 5.7297728061676025,
            "1_unpack_graph": 0.02572011947631836,
            "2_unpack_graph": 0.025166034698486328,
            "3_filter": 0.02368783950805664,
            "4_drop": 0.010251045227050781,
            "5_select": 0.010149240493774414,
            "6_snapshot": 0.011144876480102539,
            "7_rename": 0.010349035263061523,
            "8_convert": 0.0414729118347168,
            "9_join": 0.01683783531188965,
            "10_rename": 0.01079702377319336
        },
        "create_final_communities": {
            "overall": 0.45046186447143555,
            "0_unpack_graph": 0.03222179412841797,
            "1_unpack_graph": 0.06876587867736816,
            "2_aggregate_override": 0.01739192008972168,
            "3_join": 0.027718067169189453,
            "4_join": 0.02649402618408203,
            "5_concat": 0.05045890808105469,
            "6_filter": 0.0422818660736084,
            "7_aggregate_override": 0.017009973526000977,
            "8_join": 0.016970157623291016,
            "9_filter": 0.03281879425048828,
            "10_fill": 0.014109134674072266,
            "11_merge": 0.021293163299560547,
            "12_copy": 0.020387887954711914,
            "13_select": 0.04828786849975586
        },
        "join_text_units_to_entity_ids": {
            "overall": 0.08042335510253906,
            "0_select": 0.014889955520629883,
            "1_unroll": 0.022195100784301758,
            "2_aggregate_override": 0.025705814361572266
        },
        "create_final_relationships": {
            "overall": 0.21658611297607422,
            "0_unpack_graph": 0.03296494483947754,
            "1_filter": 0.034935951232910156,
            "2_rename": 0.015251874923706055,
            "3_filter": 0.03472089767456055,
            "4_drop": 0.015590190887451172,
            "5_compute_edge_combined_degree": 0.01845407485961914,
            "6_convert": 0.032294273376464844,
            "7_convert": 0.016482830047607422
        },
        "join_text_units_to_relationship_ids": {
            "overall": 0.09157896041870117,
            "0_select": 0.01772904396057129,
            "1_unroll": 0.018378019332885742,
            "2_aggregate_override": 0.019891023635864258,
            "3_select": 0.017962932586669922
        },
        "create_final_community_reports": {
            "overall": 195.63217306137085,
            "0_prepare_community_reports_nodes": 0.02422499656677246,
            "1_prepare_community_reports_edges": 0.021312713623046875,
            "2_restore_community_hierarchy": 0.021943092346191406,
            "3_prepare_community_reports": 0.1493980884552002,
            "4_create_community_reports": 195.3720943927765,
            "5_window": 0.022586822509765625
        },
        "create_final_text_units": {
            "overall": 0.19446492195129395,
            "0_select": 0.019939899444580078,
            "1_rename": 0.06013894081115723,
            "2_join": 0.026511192321777344,
            "3_join": 0.024662017822265625,
            "4_aggregate_override": 0.023123979568481445,
            "5_select": 0.020952939987182617
        },
        "create_base_documents": {
            "overall": 0.23163914680480957,
            "0_unroll": 0.023069143295288086,
            "1_select": 0.026079893112182617,
            "2_rename": 0.021541118621826172,
            "3_join": 0.02442479133605957,
            "4_aggregate_override": 0.022419214248657227,
            "5_join": 0.02508687973022461,
            "6_rename": 0.022314071655273438,
            "7_convert": 0.04591107368469238
        },
        "create_final_documents": {
            "overall": 0.044512033462524414,
            "0_rename": 0.022910118103027344
        }
    }
}